Id,KeyValue,Priority,Status,Tags,Resource,Attempt,Loaded,LastUpdated,Deferred,Locked,Completed,Worktime,Exception,ExceptionReason
4c3b737e-8d32-4926-a7bf-37b733fe0488,,0,,Exception: Failed to perform step 1 in Read Stage 'Read Result' on page 'Get Result' - No element matched the query terms,DESKTOP-SS5TGEM_debug,1,10/9/2020 7:18:39 AM,10/9/2020 9:44:25 AM,,,,27,10/9/2020 9:44:25 AM,Failed to perform step 1 in Read Stage 'Read Result' on page 'Get Result' - No element matched the query terms
ae203607-cf97-488f-9d0b-b9b04bc252ba,,0,,Exception: Failed to perform step 1 in Write Stage 'Enter Input Value' on page 'InputValue' - No element matched the query terms,DESKTOP-SS5TGEM_debug,1,10/9/2020 7:20:24 AM,10/9/2020 9:44:43 AM,,,,16,10/9/2020 9:44:43 AM,Failed to perform step 1 in Write Stage 'Enter Input Value' on page 'InputValue' - No element matched the query terms
a465fe03-c283-4364-9f88-45d702c5fa4f,,0,,Exception: Failed to perform step 1 in Write Stage 'Enter Input Value' on page 'InputValue' - No element matched the query terms,DESKTOP-SS5TGEM_debug,1,10/9/2020 7:20:24 AM,10/9/2020 9:45:02 AM,,,,16,10/9/2020 9:45:02 AM,Failed to perform step 1 in Write Stage 'Enter Input Value' on page 'InputValue' - No element matched the query terms
fbc21e33-9be7-4150-8d00-35b840f1e100,,0,,Exception: Failed to perform step 1 in Write Stage 'Enter Input Value' on page 'InputValue' - No element matched the query terms,DESKTOP-SS5TGEM_debug,1,10/9/2020 7:20:24 AM,10/9/2020 9:45:20 AM,,,,16,10/9/2020 9:45:20 AM,Failed to perform step 1 in Write Stage 'Enter Input Value' on page 'InputValue' - No element matched the query terms
ebec2993-88c4-4565-8309-18e1c0760fd0,,0,,Exception: Failed to perform step 1 in Write Stage 'Enter Input Value' on page 'InputValue' - No element matched the query terms,DESKTOP-SS5TGEM_debug,1,10/9/2020 7:20:24 AM,10/9/2020 9:45:38 AM,,,,16,10/9/2020 9:45:38 AM,Failed to perform step 1 in Write Stage 'Enter Input Value' on page 'InputValue' - No element matched the query terms
5abb4c94-42d5-4db5-a8a4-d50ecfce588d,,0,,Exception: Failed to perform step 1 in Write Stage 'Enter Input Value' on page 'InputValue' - No element matched the query terms,DESKTOP-SS5TGEM_debug,1,10/9/2020 7:25:42 AM,10/9/2020 9:45:56 AM,,,,16,10/9/2020 9:45:56 AM,Failed to perform step 1 in Write Stage 'Enter Input Value' on page 'InputValue' - No element matched the query terms
3b6b132f-e702-4627-b88d-b0b69cb6a0d2,,0,,Exception: Failed to perform step 1 in Write Stage 'Enter Input Value' on page 'InputValue' - No element matched the query terms,DESKTOP-SS5TGEM_debug,1,10/9/2020 7:25:42 AM,10/9/2020 9:46:14 AM,,,,15,10/9/2020 9:46:14 AM,Failed to perform step 1 in Write Stage 'Enter Input Value' on page 'InputValue' - No element matched the query terms
ab8db678-58b3-4bf4-a02c-47610a152e2a,,0,,Exception: Failed to perform step 1 in Write Stage 'Enter Input Value' on page 'InputValue' - No element matched the query terms,DESKTOP-SS5TGEM_debug,1,10/9/2020 7:25:42 AM,10/9/2020 9:46:33 AM,,,,16,10/9/2020 9:46:33 AM,Failed to perform step 1 in Write Stage 'Enter Input Value' on page 'InputValue' - No element matched the query terms
0ba9ea6b-8419-41bf-a821-933a2aee066e,,0,,Exception: Failed to perform step 1 in Write Stage 'Enter Input Value' on page 'InputValue' - No element matched the query terms,DESKTOP-SS5TGEM_debug,1,10/9/2020 7:25:42 AM,10/9/2020 9:46:51 AM,,,,16,10/9/2020 9:46:51 AM,Failed to perform step 1 in Write Stage 'Enter Input Value' on page 'InputValue' - No element matched the query terms
2510dc2d-81ac-4662-976a-72d74ff270e5,,0,,Exception: Failed to perform step 1 in Write Stage 'Enter Input Value' on page 'InputValue' - No element matched the query terms,DESKTOP-SS5TGEM_debug,1,10/9/2020 8:19:20 AM,10/9/2020 9:47:09 AM,,,,16,10/9/2020 9:47:09 AM,Failed to perform step 1 in Write Stage 'Enter Input Value' on page 'InputValue' - No element matched the query terms
ed7e7c00-5d65-496f-af6e-30429cfb1bfc,,0,,Exception: Failed to perform step 1 in Write Stage 'Enter Input Value' on page 'InputValue' - No element matched the query terms,DESKTOP-SS5TGEM_debug,1,10/9/2020 8:19:20 AM,10/9/2020 9:47:27 AM,,,,16,10/9/2020 9:47:27 AM,Failed to perform step 1 in Write Stage 'Enter Input Value' on page 'InputValue' - No element matched the query terms
e00c8455-3c88-4ff7-af18-3b2e37499bbf,,0,,Exception: Failed to perform step 1 in Write Stage 'Enter Input Value' on page 'InputValue' - No element matched the query terms,DESKTOP-SS5TGEM_debug,1,10/9/2020 8:19:20 AM,10/9/2020 9:47:45 AM,,,,16,10/9/2020 9:47:45 AM,Failed to perform step 1 in Write Stage 'Enter Input Value' on page 'InputValue' - No element matched the query terms
743fee19-7dce-45fe-a65d-9d7a1a586d32,,0,,Exception: Failed to perform step 1 in Write Stage 'Enter Input Value' on page 'InputValue' - No element matched the query terms,DESKTOP-SS5TGEM_debug,1,10/9/2020 8:19:20 AM,10/9/2020 9:48:03 AM,,,,16,10/9/2020 9:48:03 AM,Failed to perform step 1 in Write Stage 'Enter Input Value' on page 'InputValue' - No element matched the query terms
bde086f7-856f-41e9-a3bc-ae7ad8ba9485,,0,,Exception: Failed to perform step 1 in Write Stage 'Enter Input Value' on page 'InputValue' - No element matched the query terms,DESKTOP-SS5TGEM_debug,1,10/9/2020 8:24:52 AM,10/9/2020 9:48:21 AM,,,,16,10/9/2020 9:48:21 AM,Failed to perform step 1 in Write Stage 'Enter Input Value' on page 'InputValue' - No element matched the query terms
b1287e60-fa0f-4d76-bbf4-49977169cf1b,,0,,Exception: Failed to perform step 1 in Write Stage 'Enter Input Value' on page 'InputValue' - No element matched the query terms,DESKTOP-SS5TGEM_debug,1,10/9/2020 8:24:52 AM,10/9/2020 9:48:39 AM,,,,16,10/9/2020 9:48:39 AM,Failed to perform step 1 in Write Stage 'Enter Input Value' on page 'InputValue' - No element matched the query terms
5563acf9-8ea8-46cc-baad-66a3b891ef42,,0,,Exception: Failed to perform step 1 in Write Stage 'Enter Input Value' on page 'InputValue' - No element matched the query terms,DESKTOP-SS5TGEM_debug,1,10/9/2020 8:24:52 AM,10/9/2020 9:48:58 AM,,,,16,10/9/2020 9:48:58 AM,Failed to perform step 1 in Write Stage 'Enter Input Value' on page 'InputValue' - No element matched the query terms
421bcf4d-af5b-41c5-bc51-e827d3fd3739,,0,,Exception: Failed to perform step 1 in Write Stage 'Enter Input Value' on page 'InputValue' - No element matched the query terms,DESKTOP-SS5TGEM_debug,1,10/9/2020 8:24:52 AM,10/9/2020 9:49:16 AM,,,,16,10/9/2020 9:49:16 AM,Failed to perform step 1 in Write Stage 'Enter Input Value' on page 'InputValue' - No element matched the query terms
fe183569-1bce-4b68-b52e-a51c6f067070,1,0,,Exception: Failed to perform step 1 in Write Stage 'Enter Input Value' on page 'InputValue' - No element matched the query terms,DESKTOP-SS5TGEM_debug,1,10/9/2020 9:43:56 AM,10/9/2020 9:49:34 AM,,,,15,10/9/2020 9:49:34 AM,Failed to perform step 1 in Write Stage 'Enter Input Value' on page 'InputValue' - No element matched the query terms
c824081c-0f9c-4fca-9030-8de4027d9a35,2,0,,Exception: Failed to perform step 1 in Write Stage 'Enter Input Value' on page 'InputValue' - No element matched the query terms,DESKTOP-SS5TGEM_debug,1,10/9/2020 9:43:56 AM,10/9/2020 9:49:52 AM,,,,15,10/9/2020 9:49:52 AM,Failed to perform step 1 in Write Stage 'Enter Input Value' on page 'InputValue' - No element matched the query terms
